[{"model": "contenttypes.contenttype", "pk": 1, "fields": {"app_label": "admin", "model": "logentry"}}, {"model": "contenttypes.contenttype", "pk": 2, "fields": {"app_label": "auth", "model": "permission"}}, {"model": "contenttypes.contenttype", "pk": 3, "fields": {"app_label": "auth", "model": "user"}}, {"model": "contenttypes.contenttype", "pk": 4, "fields": {"app_label": "auth", "model": "group"}}, {"model": "contenttypes.contenttype", "pk": 5, "fields": {"app_label": "contenttypes", "model": "contenttype"}}, {"model": "contenttypes.contenttype", "pk": 6, "fields": {"app_label": "sessions", "model": "session"}}, {"model": "contenttypes.contenttype", "pk": 7, "fields": {"app_label": "myblog", "model": "article"}}, {"model": "contenttypes.contenttype", "pk": 8, "fields": {"app_label": "myblog", "model": "commenter"}}, {"model": "contenttypes.contenttype", "pk": 9, "fields": {"app_label": "myblog", "model": "blogger"}}, {"model": "contenttypes.contenttype", "pk": 10, "fields": {"app_label": "myblog", "model": "tag"}}, {"model": "sessions.session", "pk": "9gyxvtv6r8gxu5q1clcyq70g0bvjp7fr", "fields": {"session_data": "ZjM5ZDU4YzQ3Njk0YjE4NzE4YTdjYjE5MDM0NzU5Nzc0Yzk3ZWU2MTp7Il9hdXRoX3VzZXJfaGFzaCI6ImNhNmM4NmM2YjQyOGNmMmRkMDllOTk3ZDY3NDM3MmVjMGQ1YWE4NTQiLCJfYXV0aF91c2VyX2JhY2tlbmQiOiJkamFuZ28uY29udHJpYi5hdXRoLmJhY2tlbmRzLk1vZGVsQmFja2VuZCIsIl9hdXRoX3VzZXJfaWQiOiI2In0=", "expire_date": "2016-11-24T12:49:02.682Z"}}, {"model": "sessions.session", "pk": "k96p9zxtoam3334eakyz57drvip8yyfo", "fields": {"session_data": "YzE0OGU2YTdjM2I4YWE0YmIzMGI3NTU4ZTI1OWY5MGViZWJhNTU3NTp7Il9hdXRoX3VzZXJfaGFzaCI6IjBjYmRmZjI1NjQ5ZTVmOTc3MjM4OTZiZjgxYWY3NjUxOGQzZTBjZWUiLCJfYXV0aF91c2VyX2JhY2tlbmQiOiJkamFuZ28uY29udHJpYi5hdXRoLmJhY2tlbmRzLk1vZGVsQmFja2VuZCIsIl9hdXRoX3VzZXJfaWQiOiIxIn0=", "expire_date": "2016-11-23T02:01:24.678Z"}}, {"model": "sessions.session", "pk": "op381fj0vuwsz1y4a6sf6ynsuqte748n", "fields": {"session_data": "YzE0OGU2YTdjM2I4YWE0YmIzMGI3NTU4ZTI1OWY5MGViZWJhNTU3NTp7Il9hdXRoX3VzZXJfaGFzaCI6IjBjYmRmZjI1NjQ5ZTVmOTc3MjM4OTZiZjgxYWY3NjUxOGQzZTBjZWUiLCJfYXV0aF91c2VyX2JhY2tlbmQiOiJkamFuZ28uY29udHJpYi5hdXRoLmJhY2tlbmRzLk1vZGVsQmFja2VuZCIsIl9hdXRoX3VzZXJfaWQiOiIxIn0=", "expire_date": "2016-11-24T02:27:53.036Z"}}, {"model": "sessions.session", "pk": "sazbpizo9va3pvzcomq3kw6kw00un6aj", "fields": {"session_data": "YzE0OGU2YTdjM2I4YWE0YmIzMGI3NTU4ZTI1OWY5MGViZWJhNTU3NTp7Il9hdXRoX3VzZXJfaGFzaCI6IjBjYmRmZjI1NjQ5ZTVmOTc3MjM4OTZiZjgxYWY3NjUxOGQzZTBjZWUiLCJfYXV0aF91c2VyX2JhY2tlbmQiOiJkamFuZ28uY29udHJpYi5hdXRoLmJhY2tlbmRzLk1vZGVsQmFja2VuZCIsIl9hdXRoX3VzZXJfaWQiOiIxIn0=", "expire_date": "2016-11-22T08:53:53.024Z"}}, {"model": "sessions.session", "pk": "zpxqkgy0tmt8m16zdimw6v57h6qmmea7", "fields": {"session_data": "YzE0OGU2YTdjM2I4YWE0YmIzMGI3NTU4ZTI1OWY5MGViZWJhNTU3NTp7Il9hdXRoX3VzZXJfaGFzaCI6IjBjYmRmZjI1NjQ5ZTVmOTc3MjM4OTZiZjgxYWY3NjUxOGQzZTBjZWUiLCJfYXV0aF91c2VyX2JhY2tlbmQiOiJkamFuZ28uY29udHJpYi5hdXRoLmJhY2tlbmRzLk1vZGVsQmFja2VuZCIsIl9hdXRoX3VzZXJfaWQiOiIxIn0=", "expire_date": "2016-11-28T05:38:07.051Z"}}, {"model": "myblog.article", "pk": 1, "fields": {"Title": "A default title", "Author": 3, "Content": "A default content qwedqwdqdqwdqwd", "Like": 1, "Pub_date": "2016-11-08T09:21:23.954Z", "Revise_date": "2016-11-10T07:11:57.469Z", "Status": false}}, {"model": "myblog.article", "pk": 2, "fields": {"Title": "asdad", "Author": 3, "Content": "asdasdhbgsahdgsajydgsajdgjsydfgjsdfhygsjfgsjfgefjgebfggdfeydewdwedwedwdwed", "Like": 0, "Pub_date": "2016-11-08T09:22:44.959Z", "Revise_date": "2016-11-10T06:51:19.691Z", "Status": true}}, {"model": "myblog.article", "pk": 3, "fields": {"Title": "dddd", "Author": 5, "Content": "dssdddddddddddddddddddddddddddddddddddddddddddddddddddddddddddddddddddddddddddddddddddddddddddddddddddd", "Like": 0, "Pub_date": "2016-11-08T12:22:05.553Z", "Revise_date": "2016-11-10T06:51:13.382Z", "Status": true}}, {"model": "myblog.article", "pk": 4, "fields": {"Title": "dddddddddddddddddddddddddddd", "Author": 3, "Content": "dasdkugebcuegwietgyweuitrweyutgrwuyegrcvwuyegrfcvweyugvcuweygfcvueywcewc", "Like": 3, "Pub_date": "2016-11-09T03:05:30.942Z", "Revise_date": "2016-11-10T09:47:15.356Z", "Status": false}}, {"model": "myblog.article", "pk": 5, "fields": {"Title": "aksjd", "Author": 3, "Content": "kjsdncbkdjsuhgf vyusgrf yegsryue vgrtfyuegrc uygerf rgfargefuegr vwuegr uoerh vueygrj yewgr eyru", "Like": 0, "Pub_date": "2016-11-09T06:41:45.935Z", "Revise_date": "2016-11-10T06:50:58.297Z", "Status": true}}, {"model": "myblog.article", "pk": 7, "fields": {"Title": "sd", "Author": 3, "Content": "asdasdasdwqefefdfcvfdvgrg", "Like": 2, "Pub_date": "2016-11-09T08:47:42.383Z", "Revise_date": "2016-11-10T09:47:53.221Z", "Status": true}}, {"model": "myblog.article", "pk": 9, "fields": {"Title": "asdfsdf", "Author": 3, "Content": " cvjnf enfh ehfu wehf wehdfw fwienbf wefweufnbeibw fwieuf ", "Like": 0, "Pub_date": "2016-11-09T08:49:54.291Z", "Revise_date": "2016-11-09T08:49:54.291Z", "Status": true}}, {"model": "myblog.article", "pk": 10, "fields": {"Title": "kjikni", "Author": 3, "Content": "asfde dwekjhfbd bbdf webfebf wf wefuwe wf wyefwef weubd weigfe fgosdfie ggfiergf rgfi gfwyigerf iewrgf wegf wygf weygfug ugfuw gfuwg", "Like": 0, "Pub_date": "2016-11-09T08:50:56.949Z", "Revise_date": "2016-11-09T11:34:45.585Z", "Status": true}}, {"model": "myblog.article", "pk": 11, "fields": {"Title": "ex", "Author": 6, "Content": "wrhuyh6rittggggggggggggggggggggggggggggggggggggggggggggggggggggggggggggggggggggggggggggggggggggggggggggggggggggggggggggggggggggggggggggggggggggggg", "Like": 2, "Pub_date": "2016-11-09T08:54:32.012Z", "Revise_date": "2016-11-14T06:15:59.890Z", "Status": true}}, {"model": "myblog.article", "pk": 12, "fields": {"Title": "vy", "Author": 6, "Content": "tvfhtyhvyrhvrhy7h huthvhh6h hvhgytgt hyh thetvh", "Like": 0, "Pub_date": "2016-11-09T08:57:42.354Z", "Revise_date": "2016-11-14T06:16:00.167Z", "Status": true}}, {"model": "myblog.article", "pk": 13, "fields": {"Title": "ppppppp", "Author": 6, "Content": "sajdfgsyegfw yugfuyw cgfyu rgfyugrc uyewgrc uyegc uyweg uyw guywe gfcywue cgfwuyec wuyec fgwyuec", "Like": 1, "Pub_date": "2016-11-09T09:51:18.239Z", "Revise_date": "2016-11-14T06:16:00.418Z", "Status": true}}, {"model": "myblog.article", "pk": 15, "fields": {"Title": "wwwwwwww", "Author": 6, "Content": "asdkfushfvusiuevisev i uise vie vigc iegfc iwegf", "Like": 0, "Pub_date": "2016-11-09T12:03:16.951Z", "Revise_date": "2016-11-14T06:16:00.854Z", "Status": true}}, {"model": "myblog.article", "pk": 16, "fields": {"Title": "uwuwwuwu", "Author": 6, "Content": "sdhb fjsgf sgf jgefsjeygcfs egf yg", "Like": 0, "Pub_date": "2016-11-09T12:05:07.046Z", "Revise_date": "2016-11-14T06:15:53.456Z", "Status": true}}, {"model": "myblog.article", "pk": 17, "fields": {"Title": "csdmj", "Author": 7, "Content": "shdg fcjsgefj sgerjcfy grcjfy rgvfc fgu yfgreyufc urygf euceyruf gecuyrgf euyrc uyrgfc eucrg", "Like": 0, "Pub_date": "2016-11-10T12:16:31.687Z", "Revise_date": "2016-11-10T12:43:35.361Z", "Status": true}}, {"model": "myblog.article", "pk": 18, "fields": {"Title": "efdwsef", "Author": 6, "Content": "safsefe fwefwef wefwefw efwe fwe fwe fwef", "Like": 0, "Pub_date": "2016-11-12T07:11:36.012Z", "Revise_date": "2016-11-12T07:21:18.535Z", "Status": true}}, {"model": "myblog.article", "pk": 19, "fields": {"Title": "sadasda", "Author": 6, "Content": "sdfuhefu efg wiefgiu i ugiu g  ", "Like": 3, "Pub_date": "2016-11-14T01:19:10.566Z", "Revise_date": "2016-11-14T06:18:05.817Z", "Status": true}}, {"model": "myblog.commenter", "pk": 1, "fields": {"Article": 1, "Author": "sss", "Content": "asdasdasd", "Pub_date": "2016-11-08T09:53:45.813Z", "Status": true}}, {"model": "myblog.commenter", "pk": 2, "fields": {"Article": 4, "Author": "www", "Content": "poor!", "Pub_date": "2016-11-10T09:46:43.675Z", "Status": true}}, {"model": "myblog.commenter", "pk": 3, "fields": {"Article": 7, "Author": "acsd", "Content": "asdadwca", "Pub_date": "2016-11-10T09:47:45.118Z", "Status": true}}, {"model": "myblog.commenter", "pk": 4, "fields": {"Article": 19, "Author": "asdasd", "Content": "asudguigdwid", "Pub_date": "2016-11-14T06:18:19.706Z", "Status": true}}, {"model": "myblog.commenter", "pk": 5, "fields": {"Article": 19, "Author": "juhniuhiu", "Content": "isuhd iud isgh  udd", "Pub_date": "2016-11-14T06:18:29.697Z", "Status": true}}, {"model": "myblog.tag", "pk": 1, "fields": {"Tag": "aaa", "Article": [1, 2, 3, 4, 9, 10]}}, {"model": "myblog.tag", "pk": 2, "fields": {"Tag": "ddd", "Article": [1, 2, 3, 4]}}, {"model": "myblog.tag", "pk": 3, "fields": {"Tag": "asdasd", "Article": [2, 16]}}, {"model": "myblog.tag", "pk": 4, "fields": {"Tag": "xxx", "Article": [4]}}, {"model": "myblog.tag", "pk": 5, "fields": {"Tag": "sss", "Article": [1]}}, {"model": "myblog.tag", "pk": 6, "fields": {"Tag": "www", "Article": [1]}}, {"model": "myblog.tag", "pk": 7, "fields": {"Tag": "gggdd", "Article": [7]}}, {"model": "myblog.tag", "pk": 8, "fields": {"Tag": "asda", "Article": [10]}}, {"model": "myblog.tag", "pk": 9, "fields": {"Tag": "asd", "Article": [10]}}, {"model": "myblog.tag", "pk": 10, "fields": {"Tag": "ad", "Article": [10]}}, {"model": "myblog.tag", "pk": 11, "fields": {"Tag": "dc", "Article": []}}, {"model": "myblog.tag", "pk": 12, "fields": {"Tag": "ggg", "Article": [11]}}, {"model": "myblog.tag", "pk": 13, "fields": {"Tag": "gtg", "Article": [11]}}, {"model": "myblog.tag", "pk": 14, "fields": {"Tag": "gt", "Article": [11]}}, {"model": "myblog.tag", "pk": 15, "fields": {"Tag": "d", "Article": []}}, {"model": "myblog.tag", "pk": 16, "fields": {"Tag": "dsf", "Article": []}}, {"model": "myblog.tag", "pk": 17, "fields": {"Tag": "sdu", "Article": [16]}}, {"model": "myblog.tag", "pk": 18, "fields": {"Tag": "sd", "Article": [16]}}, {"model": "myblog.tag", "pk": 19, "fields": {"Tag": "df", "Article": [16]}}, {"model": "myblog.tag", "pk": 20, "fields": {"Tag": "w", "Article": []}}, {"model": "myblog.tag", "pk": 21, "fields": {"Tag": "s", "Article": []}}, {"model": "myblog.tag", "pk": 22, "fields": {"Tag": " ", "Article": []}}, {"model": "myblog.tag", "pk": 23, "fields": {"Tag": "q", "Article": []}}, {"model": "myblog.tag", "pk": 24, "fields": {"Tag": "t", "Article": []}}, {"model": "myblog.tag", "pk": 25, "fields": {"Tag": "e", "Article": []}}, {"model": "myblog.tag", "pk": 26, "fields": {"Tag": "ads", "Article": []}}, {"model": "myblog.tag", "pk": 27, "fields": {"Tag": "ewf", "Article": []}}, {"model": "myblog.tag", "pk": 28, "fields": {"Tag": "efgfr", "Article": []}}, {"model": "myblog.tag", "pk": 29, "fields": {"Tag": "g", "Article": []}}, {"model": "myblog.tag", "pk": 30, "fields": {"Tag": "fe", "Article": []}}, {"model": "myblog.tag", "pk": 31, "fields": {"Tag": "as", "Article": []}}, {"model": "myblog.tag", "pk": 32, "fields": {"Tag": "adf", "Article": []}}, {"model": "myblog.tag", "pk": 33, "fields": {"Tag": "ef", "Article": []}}, {"model": "myblog.tag", "pk": 34, "fields": {"Tag": "da", "Article": []}}, {"model": "myblog.tag", "pk": 35, "fields": {"Tag": "sad", "Article": []}}, {"model": "myblog.tag", "pk": 36, "fields": {"Tag": "qqqqqqqqq", "Article": []}}, {"model": "myblog.tag", "pk": 37, "fields": {"Tag": "fg", "Article": []}}, {"model": "myblog.tag", "pk": 38, "fields": {"Tag": "rgge", "Article": []}}, {"model": "myblog.tag", "pk": 39, "fields": {"Tag": "rg", "Article": []}}, {"model": "myblog.tag", "pk": 40, "fields": {"Tag": "qqqqq", "Article": [16]}}, {"model": "myblog.tag", "pk": 41, "fields": {"Tag": "bbbbbbb", "Article": []}}, {"model": "myblog.tag", "pk": 42, "fields": {"Tag": "erf", "Article": []}}, {"model": "myblog.tag", "pk": 43, "fields": {"Tag": "rr", "Article": []}}, {"model": "myblog.tag", "pk": 44, "fields": {"Tag": "yy", "Article": []}}, {"model": "myblog.tag", "pk": 45, "fields": {"Tag": "frioewj42", "Article": []}}, {"model": "myblog.tag", "pk": 46, "fields": {"Tag": "9ir9i92r", "Article": []}}, {"model": "myblog.tag", "pk": 47, "fields": {"Tag": "kf0234", "Article": []}}, {"model": "myblog.tag", "pk": 48, "fields": {"Tag": "4r34", "Article": [19]}}, {"model": "myblog.tag", "pk": 49, "fields": {"Tag": "9io0o", "Article": []}}, {"model": "myblog.tag", "pk": 50, "fields": {"Tag": "qwerr321", "Article": []}}, {"model": "myblog.tag", "pk": 51, "fields": {"Tag": "o0i9ivv", "Article": []}}, {"model": "myblog.tag", "pk": 52, "fields": {"Tag": "asdfioaodf", "Article": [19]}}, {"model": "myblog.tag", "pk": 53, "fields": {"Tag": "123ffwef234", "Article": []}}, {"model": "myblog.tag", "pk": 54, "fields": {"Tag": "78agd87g3d7gd28", "Article": [19]}}, {"model": "auth.permission", "pk": 1, "fields": {"name": "Can add log entry", "content_type": 1, "codename": "add_logentry"}}, {"model": "auth.permission", "pk": 2, "fields": {"name": "Can change log entry", "content_type": 1, "codename": "change_logentry"}}, {"model": "auth.permission", "pk": 3, "fields": {"name": "Can delete log entry", "content_type": 1, "codename": "delete_logentry"}}, {"model": "auth.permission", "pk": 4, "fields": {"name": "Can add permission", "content_type": 2, "codename": "add_permission"}}, {"model": "auth.permission", "pk": 5, "fields": {"name": "Can change permission", "content_type": 2, "codename": "change_permission"}}, {"model": "auth.permission", "pk": 6, "fields": {"name": "Can delete permission", "content_type": 2, "codename": "delete_permission"}}, {"model": "auth.permission", "pk": 7, "fields": {"name": "Can add user", "content_type": 3, "codename": "add_user"}}, {"model": "auth.permission", "pk": 8, "fields": {"name": "Can change user", "content_type": 3, "codename": "change_user"}}, {"model": "auth.permission", "pk": 9, "fields": {"name": "Can delete user", "content_type": 3, "codename": "delete_user"}}, {"model": "auth.permission", "pk": 10, "fields": {"name": "Can add group", "content_type": 4, "codename": "add_group"}}, {"model": "auth.permission", "pk": 11, "fields": {"name": "Can change group", "content_type": 4, "codename": "change_group"}}, {"model": "auth.permission", "pk": 12, "fields": {"name": "Can delete group", "content_type": 4, "codename": "delete_group"}}, {"model": "auth.permission", "pk": 13, "fields": {"name": "Can add content type", "content_type": 5, "codename": "add_contenttype"}}, {"model": "auth.permission", "pk": 14, "fields": {"name": "Can change content type", "content_type": 5, "codename": "change_contenttype"}}, {"model": "auth.permission", "pk": 15, "fields": {"name": "Can delete content type", "content_type": 5, "codename": "delete_contenttype"}}, {"model": "auth.permission", "pk": 16, "fields": {"name": "Can add session", "content_type": 6, "codename": "add_session"}}, {"model": "auth.permission", "pk": 17, "fields": {"name": "Can change session", "content_type": 6, "codename": "change_session"}}, {"model": "auth.permission", "pk": 18, "fields": {"name": "Can delete session", "content_type": 6, "codename": "delete_session"}}, {"model": "auth.permission", "pk": 19, "fields": {"name": "Can add article", "content_type": 7, "codename": "add_article"}}, {"model": "auth.permission", "pk": 20, "fields": {"name": "Can change article", "content_type": 7, "codename": "change_article"}}, {"model": "auth.permission", "pk": 21, "fields": {"name": "Can delete article", "content_type": 7, "codename": "delete_article"}}, {"model": "auth.permission", "pk": 22, "fields": {"name": "Can add commenter", "content_type": 8, "codename": "add_commenter"}}, {"model": "auth.permission", "pk": 23, "fields": {"name": "Can change commenter", "content_type": 8, "codename": "change_commenter"}}, {"model": "auth.permission", "pk": 24, "fields": {"name": "Can delete commenter", "content_type": 8, "codename": "delete_commenter"}}, {"model": "auth.permission", "pk": 25, "fields": {"name": "Can add blogger", "content_type": 9, "codename": "add_blogger"}}, {"model": "auth.permission", "pk": 26, "fields": {"name": "Can change blogger", "content_type": 9, "codename": "change_blogger"}}, {"model": "auth.permission", "pk": 27, "fields": {"name": "Can delete blogger", "content_type": 9, "codename": "delete_blogger"}}, {"model": "auth.permission", "pk": 28, "fields": {"name": "Can add tag", "content_type": 10, "codename": "add_tag"}}, {"model": "auth.permission", "pk": 29, "fields": {"name": "Can change tag", "content_type": 10, "codename": "change_tag"}}, {"model": "auth.permission", "pk": 30, "fields": {"name": "Can delete tag", "content_type": 10, "codename": "delete_tag"}}, {"model": "auth.user", "pk": 1, "fields": {"password": "pbkdf2_sha256$30000$YFNHuiAu5I2Q$6pl0gkA3VuMy1qb9oe21TV5/yIlnDXCOkJZ34ilTj5M=", "last_login": "2016-11-14T05:38:06.860Z", "is_superuser": true, "username": "AAA", "first_name": "", "last_name": "", "email": "", "is_staff": true, "is_active": true, "date_joined": "2016-11-08T08:48:00Z", "groups": [], "user_permissions": []}}, {"model": "auth.user", "pk": 2, "fields": {"password": "pbkdf2_sha256$30000$Mjon7pQprT5g$TNyWO1cGSvMmg644WJgEujNES1Az11qOyruSQtkYpYI=", "last_login": null, "is_superuser": false, "username": "aaa", "first_name": "", "last_name": "", "email": "", "is_staff": true, "is_active": true, "date_joined": "2016-11-08T09:12:00Z", "groups": [], "user_permissions": []}}, {"model": "auth.user", "pk": 3, "fields": {"password": "pbkdf2_sha256$30000$txJfwh77WOfn$dcB3S7G3mgc8Nardi/UGLdcA6Iy5NEMYqM1CKtngXAA=", "last_login": "2016-11-10T09:00:05.142Z", "is_superuser": true, "username": "bbb", "first_name": "", "last_name": "", "email": "bbasdasdasdb@bbb.bb", "is_staff": true, "is_active": true, "date_joined": "2016-11-08T09:15:36.619Z", "groups": [], "user_permissions": []}}, {"model": "auth.user", "pk": 4, "fields": {"password": "pbkdf2_sha256$30000$29tc0zBjcLeS$ZJmTQ77sTcx/I6TKPmO9VZHowWm6dgKptlpjo+mEV/8=", "last_login": "2016-11-10T12:05:12.723Z", "is_superuser": true, "username": "ccc", "first_name": "", "last_name": "", "email": "ccc@ccc.ccc", "is_staff": true, "is_active": true, "date_joined": "2016-11-08T10:52:47.428Z", "groups": [], "user_permissions": []}}, {"model": "auth.user", "pk": 5, "fields": {"password": "pbkdf2_sha256$30000$1y7UTBbKYdzj$85MMhMuk9ZKnedb+rfKbWQ34eRJFA+Pl5qco7SrGAOk=", "last_login": "2016-11-10T02:48:21.164Z", "is_superuser": true, "username": "ddd", "first_name": "", "last_name": "", "email": "ddd@ddd.ddd", "is_staff": true, "is_active": true, "date_joined": "2016-11-08T10:53:23.094Z", "groups": [], "user_permissions": []}}, {"model": "auth.user", "pk": 6, "fields": {"password": "pbkdf2_sha256$30000$GKdz6KneWcGK$h/u94lIv5dOhRhXirWO0XMTh4WLy/C5J+2MVPvj+KRQ=", "last_login": "2016-11-10T12:49:02.491Z", "is_superuser": true, "username": "www", "first_name": "", "last_name": "", "email": "www@www.www", "is_staff": true, "is_active": true, "date_joined": "2016-11-09T08:54:00Z", "groups": [], "user_permissions": []}}, {"model": "auth.user", "pk": 7, "fields": {"password": "pbkdf2_sha256$30000$LrVv6hobB70s$UE7XGIRqn/YW+tB4AmCE7drvBc67jYXzhzLqo6sYdbM=", "last_login": "2016-11-10T12:16:10.632Z", "is_superuser": true, "username": "ttt", "first_name": "", "last_name": "", "email": "ttt@ttt.ttt", "is_staff": true, "is_active": true, "date_joined": "2016-11-10T12:16:08.954Z", "groups": [], "user_permissions": []}}, {"model": "myblog.blogger", "pk": 1, "fields": {"User": 1, "Status": true, "Nickname": "AAA", "Gender": "M", "Age": "B", "Register_date": "2016-11-10", "Intro": "Default intro", "Followed": [1]}}, {"model": "myblog.blogger", "pk": 3, "fields": {"User": 3, "Status": true, "Nickname": "bbb", "Gender": "M", "Age": "B", "Register_date": "2016-11-08", "Intro": "Dasdadasdasdsadsdadasd", "Followed": [1]}}, {"model": "myblog.blogger", "pk": 4, "fields": {"User": 4, "Status": false, "Nickname": "*MISSING*", "Gender": "M", "Age": "B", "Register_date": "2016-11-08", "Intro": "Default intro", "Followed": []}}, {"model": "myblog.blogger", "pk": 5, "fields": {"User": 5, "Status": true, "Nickname": "ddd", "Gender": "M", "Age": "T", "Register_date": "2016-11-08", "Intro": "aaaaaaaaaaaaaaaaaaaaaaaaaaaaaaaaa", "Followed": []}}, {"model": "myblog.blogger", "pk": 6, "fields": {"User": 6, "Status": true, "Nickname": "www", "Gender": "FM", "Age": "T", "Register_date": "2016-11-09", "Intro": "Default intro", "Followed": [1, 3]}}, {"model": "myblog.blogger", "pk": 7, "fields": {"User": 7, "Status": true, "Nickname": "ttt", "Gender": "M", "Age": "B", "Register_date": "2016-11-10", "Intro": "Default intro", "Followed": []}}, {"model": "admin.logentry", "pk": 1, "fields": {"action_time": "2016-11-08T09:12:18.404Z", "user": 1, "content_type": 3, "object_id": "1", "object_repr": "AAA", "action_flag": 2, "change_message": "[{\"changed\": {\"fields\": [\"last_login\"]}}]"}}, {"model": "admin.logentry", "pk": 2, "fields": {"action_time": "2016-11-08T09:12:39.260Z", "user": 1, "content_type": 3, "object_id": "2", "object_repr": "aaa", "action_flag": 1, "change_message": "[{\"added\": {}}]"}}, {"model": "admin.logentry", "pk": 3, "fields": {"action_time": "2016-11-08T09:12:50.141Z", "user": 1, "content_type": 3, "object_id": "2", "object_repr": "aaa", "action_flag": 2, "change_message": "[]"}}, {"model": "admin.logentry", "pk": 4, "fields": {"action_time": "2016-11-08T09:13:11.629Z", "user": 1, "content_type": 3, "object_id": "2", "object_repr": "aaa", "action_flag": 2, "change_message": "[{\"changed\": {\"fields\": [\"is_staff\"]}}]"}}, {"model": "admin.logentry", "pk": 5, "fields": {"action_time": "2016-11-08T09:21:23.958Z", "user": 1, "content_type": 7, "object_id": "1", "object_repr": "A default title", "action_flag": 1, "change_message": "[{\"added\": {}}]"}}, {"model": "admin.logentry", "pk": 6, "fields": {"action_time": "2016-11-08T10:53:47.366Z", "user": 1, "content_type": 9, "object_id": "5", "object_repr": "ddd", "action_flag": 2, "change_message": "[]"}}, {"model": "admin.logentry", "pk": 7, "fields": {"action_time": "2016-11-08T10:54:17.341Z", "user": 1, "content_type": 9, "object_id": "4", "object_repr": "ccc", "action_flag": 2, "change_message": "[]"}}, {"model": "admin.logentry", "pk": 8, "fields": {"action_time": "2016-11-08T10:54:28.752Z", "user": 1, "content_type": 9, "object_id": "3", "object_repr": "bbb", "action_flag": 2, "change_message": "[{\"changed\": {\"fields\": [\"Gender\", \"Age\"]}}]"}}, {"model": "admin.logentry", "pk": 9, "fields": {"action_time": "2016-11-09T02:02:06.795Z", "user": 1, "content_type": 9, "object_id": "5", "object_repr": "ddd", "action_flag": 2, "change_message": "[{\"changed\": {\"fields\": [\"Gender\", \"Age\"]}}]"}}, {"model": "admin.logentry", "pk": 10, "fields": {"action_time": "2016-11-09T02:02:13.785Z", "user": 1, "content_type": 9, "object_id": "4", "object_repr": "ccc", "action_flag": 2, "change_message": "[{\"changed\": {\"fields\": [\"Gender\", \"Age\"]}}]"}}, {"model": "admin.logentry", "pk": 11, "fields": {"action_time": "2016-11-09T02:02:31.975Z", "user": 1, "content_type": 9, "object_id": "3", "object_repr": "bbb", "action_flag": 2, "change_message": "[{\"changed\": {\"fields\": [\"Gender\", \"Age\"]}}]"}}, {"model": "admin.logentry", "pk": 12, "fields": {"action_time": "2016-11-09T03:30:16.344Z", "user": 1, "content_type": 10, "object_id": "1", "object_repr": "aaa", "action_flag": 1, "change_message": "[{\"added\": {}}]"}}, {"model": "admin.logentry", "pk": 13, "fields": {"action_time": "2016-11-09T03:30:23.750Z", "user": 1, "content_type": 10, "object_id": "2", "object_repr": "ddd", "action_flag": 1, "change_message": "[{\"added\": {}}]"}}, {"model": "admin.logentry", "pk": 14, "fields": {"action_time": "2016-11-09T03:30:31.175Z", "user": 1, "content_type": 10, "object_id": "3", "object_repr": "asdasd", "action_flag": 1, "change_message": "[{\"added\": {}}]"}}, {"model": "admin.logentry", "pk": 15, "fields": {"action_time": "2016-11-09T05:25:59.897Z", "user": 1, "content_type": 10, "object_id": "4", "object_repr": "xxx", "action_flag": 1, "change_message": "[{\"added\": {}}]"}}, {"model": "admin.logentry", "pk": 16, "fields": {"action_time": "2016-11-09T09:52:38.797Z", "user": 1, "content_type": 7, "object_id": "6", "object_repr": "aksjd", "action_flag": 3, "change_message": ""}}, {"model": "admin.logentry", "pk": 17, "fields": {"action_time": "2016-11-09T09:54:55.095Z", "user": 1, "content_type": 7, "object_id": "8", "object_repr": "asdfwef", "action_flag": 3, "change_message": ""}}, {"model": "admin.logentry", "pk": 18, "fields": {"action_time": "2016-11-09T11:34:18.365Z", "user": 1, "content_type": 7, "object_id": "3", "object_repr": "dddd", "action_flag": 2, "change_message": "[{\"changed\": {\"fields\": [\"Status\"]}}]"}}, {"model": "admin.logentry", "pk": 19, "fields": {"action_time": "2016-11-09T11:34:34.961Z", "user": 1, "content_type": 7, "object_id": "4", "object_repr": "dddddddddddddddddddddddddddd", "action_flag": 2, "change_message": "[{\"changed\": {\"fields\": [\"Title\", \"Status\", \"Content\"]}}]"}}, {"model": "admin.logentry", "pk": 20, "fields": {"action_time": "2016-11-09T11:34:45.590Z", "user": 1, "content_type": 7, "object_id": "10", "object_repr": "kjikni", "action_flag": 2, "change_message": "[{\"changed\": {\"fields\": [\"Status\"]}}]"}}, {"model": "admin.logentry", "pk": 21, "fields": {"action_time": "2016-11-09T11:34:54.190Z", "user": 1, "content_type": 7, "object_id": "12", "object_repr": "vy", "action_flag": 2, "change_message": "[{\"changed\": {\"fields\": [\"Status\"]}}]"}}, {"model": "admin.logentry", "pk": 22, "fields": {"action_time": "2016-11-09T11:35:02.982Z", "user": 1, "content_type": 7, "object_id": "13", "object_repr": "ppppppp", "action_flag": 2, "change_message": "[{\"changed\": {\"fields\": [\"Status\", \"Content\"]}}]"}}, {"model": "admin.logentry", "pk": 23, "fields": {"action_time": "2016-11-09T11:36:55.410Z", "user": 1, "content_type": 7, "object_id": "14", "object_repr": "sssssssssssssssssssssssssssssssssssssssssssssssssssssssssssssssssssssssssssssssssssssssss", "action_flag": 3, "change_message": ""}}, {"model": "admin.logentry", "pk": 24, "fields": {"action_time": "2016-11-10T06:49:42.903Z", "user": 1, "content_type": 7, "object_id": "16", "object_repr": "uwuwwuwu", "action_flag": 2, "change_message": "[{\"changed\": {\"fields\": [\"Status\"]}}]"}}, {"model": "admin.logentry", "pk": 25, "fields": {"action_time": "2016-11-10T06:50:02.939Z", "user": 1, "content_type": 7, "object_id": "15", "object_repr": "wwwwwwww", "action_flag": 2, "change_message": "[{\"changed\": {\"fields\": [\"Status\", \"Content\"]}}]"}}, {"model": "admin.logentry", "pk": 26, "fields": {"action_time": "2016-11-10T06:50:15.841Z", "user": 1, "content_type": 7, "object_id": "13", "object_repr": "ppppppp", "action_flag": 2, "change_message": "[{\"changed\": {\"fields\": [\"Status\"]}}]"}}, {"model": "admin.logentry", "pk": 27, "fields": {"action_time": "2016-11-10T06:50:28.492Z", "user": 1, "content_type": 7, "object_id": "12", "object_repr": "vy", "action_flag": 2, "change_message": "[{\"changed\": {\"fields\": [\"Status\"]}}]"}}, {"model": "admin.logentry", "pk": 28, "fields": {"action_time": "2016-11-10T06:50:38.789Z", "user": 1, "content_type": 7, "object_id": "11", "object_repr": "ex", "action_flag": 2, "change_message": "[{\"changed\": {\"fields\": [\"Status\", \"Content\"]}}]"}}, {"model": "admin.logentry", "pk": 29, "fields": {"action_time": "2016-11-10T06:50:48.488Z", "user": 1, "content_type": 7, "object_id": "7", "object_repr": "sd", "action_flag": 2, "change_message": "[{\"changed\": {\"fields\": [\"Status\"]}}]"}}, {"model": "admin.logentry", "pk": 30, "fields": {"action_time": "2016-11-10T06:50:58.300Z", "user": 1, "content_type": 7, "object_id": "5", "object_repr": "aksjd", "action_flag": 2, "change_message": "[{\"changed\": {\"fields\": [\"Status\", \"Content\"]}}]"}}, {"model": "admin.logentry", "pk": 31, "fields": {"action_time": "2016-11-10T06:51:04.839Z", "user": 1, "content_type": 7, "object_id": "4", "object_repr": "dddddddddddddddddddddddddddd", "action_flag": 2, "change_message": "[{\"changed\": {\"fields\": [\"Status\"]}}]"}}, {"model": "admin.logentry", "pk": 32, "fields": {"action_time": "2016-11-10T06:51:13.385Z", "user": 1, "content_type": 7, "object_id": "3", "object_repr": "dddd", "action_flag": 2, "change_message": "[{\"changed\": {\"fields\": [\"Status\"]}}]"}}, {"model": "admin.logentry", "pk": 33, "fields": {"action_time": "2016-11-10T06:51:19.693Z", "user": 1, "content_type": 7, "object_id": "2", "object_repr": "asdad", "action_flag": 2, "change_message": "[{\"changed\": {\"fields\": [\"Status\"]}}]"}}, {"model": "admin.logentry", "pk": 34, "fields": {"action_time": "2016-11-10T06:51:28.761Z", "user": 1, "content_type": 7, "object_id": "1", "object_repr": "A default title", "action_flag": 2, "change_message": "[{\"changed\": {\"fields\": [\"Status\", \"Content\"]}}]"}}, {"model": "admin.logentry", "pk": 35, "fields": {"action_time": "2016-11-10T06:53:08.637Z", "user": 1, "content_type": 9, "object_id": "1", "object_repr": "AAA", "action_flag": 1, "change_message": "[{\"added\": {}}]"}}, {"model": "admin.logentry", "pk": 36, "fields": {"action_time": "2016-11-10T06:53:23.045Z", "user": 1, "content_type": 9, "object_id": "1", "object_repr": "AAA", "action_flag": 2, "change_message": "[]"}}, {"model": "admin.logentry", "pk": 37, "fields": {"action_time": "2016-11-10T08:28:15.364Z", "user": 1, "content_type": 9, "object_id": "6", "object_repr": "www", "action_flag": 2, "change_message": "[{\"changed\": {\"fields\": [\"Status\"]}}]"}}, {"model": "admin.logentry", "pk": 38, "fields": {"action_time": "2016-11-10T08:28:27.990Z", "user": 1, "content_type": 9, "object_id": "5", "object_repr": "ddd", "action_flag": 2, "change_message": "[{\"changed\": {\"fields\": [\"Status\"]}}]"}}, {"model": "admin.logentry", "pk": 39, "fields": {"action_time": "2016-11-10T08:51:34.337Z", "user": 1, "content_type": 9, "object_id": "6", "object_repr": "www", "action_flag": 2, "change_message": "[{\"changed\": {\"fields\": [\"Status\"]}}]"}}, {"model": "admin.logentry", "pk": 40, "fields": {"action_time": "2016-11-10T09:42:34.530Z", "user": 1, "content_type": 8, "object_id": "1", "object_repr": "asdasdasd", "action_flag": 2, "change_message": "[{\"changed\": {\"fields\": [\"Status\"]}}]"}}, {"model": "admin.logentry", "pk": 41, "fields": {"action_time": "2016-11-10T11:59:42.365Z", "user": 1, "content_type": 3, "object_id": "6", "object_repr": "www", "action_flag": 2, "change_message": "[{\"changed\": {\"fields\": [\"username\", \"last_login\"]}}]"}}, {"model": "admin.logentry", "pk": 42, "fields": {"action_time": "2016-11-10T12:08:24.629Z", "user": 1, "content_type": 9, "object_id": "6", "object_repr": "www", "action_flag": 2, "change_message": "[{\"changed\": {\"fields\": [\"Nickname\"]}}]"}}, {"model": "admin.logentry", "pk": 43, "fields": {"action_time": "2016-11-10T12:08:35.952Z", "user": 1, "content_type": 9, "object_id": "5", "object_repr": "ddd", "action_flag": 2, "change_message": "[{\"changed\": {\"fields\": [\"Nickname\"]}}]"}}, {"model": "admin.logentry", "pk": 44, "fields": {"action_time": "2016-11-10T12:08:48.276Z", "user": 1, "content_type": 9, "object_id": "4", "object_repr": "ccc", "action_flag": 2, "change_message": "[{\"changed\": {\"fields\": [\"Nickname\"]}}]"}}, {"model": "admin.logentry", "pk": 45, "fields": {"action_time": "2016-11-10T12:09:03.336Z", "user": 1, "content_type": 9, "object_id": "3", "object_repr": "bbb", "action_flag": 2, "change_message": "[{\"changed\": {\"fields\": [\"Nickname\"]}}]"}}, {"model": "admin.logentry", "pk": 46, "fields": {"action_time": "2016-11-10T12:10:08.392Z", "user": 1, "content_type": 9, "object_id": "3", "object_repr": "bbb", "action_flag": 2, "change_message": "[{\"changed\": {\"fields\": [\"Status\"]}}]"}}, {"model": "admin.logentry", "pk": 47, "fields": {"action_time": "2016-11-10T12:10:17.461Z", "user": 1, "content_type": 9, "object_id": "6", "object_repr": "www", "action_flag": 2, "change_message": "[{\"changed\": {\"fields\": [\"Status\"]}}]"}}, {"model": "admin.logentry", "pk": 48, "fields": {"action_time": "2016-11-10T12:50:41.657Z", "user": 1, "content_type": 10, "object_id": "40", "object_repr": "qqqqq", "action_flag": 2, "change_message": "[]"}}]